{"initial_reset_timestamp": 1646220885.06612, "timestamps": [1646220885.088524, 1646220885.257622, 1646220885.2765162, 1646220885.329477, 1646220885.362557, 1646220885.386362, 1646220885.411459, 1646220885.433877, 1646220885.452369, 1646220885.4713721, 1646220885.4930172, 1646220885.527029, 1646220885.550261, 1646220885.5768561, 1646220885.60128, 1646220885.623536, 1646220885.651378, 1646220885.686462, 1646220885.723711, 1646220885.768149, 1646220885.8047931, 1646220885.851098, 1646220885.876451, 1646220885.901512, 1646220885.9310012, 1646220885.9598541, 1646220885.9914722, 1646220886.022102, 1646220886.044909, 1646220886.0727649, 1646220886.098401, 1646220886.1349661, 1646220886.1591868, 1646220886.183433, 1646220886.2076612, 1646220886.232141, 1646220886.2555661, 1646220886.279493, 1646220886.3046432, 1646220886.3309062, 1646220886.355799, 1646220886.402994, 1646220886.455093, 1646220886.481983, 1646220886.5059588, 1646220886.533186, 1646220886.5553658, 1646220886.579245, 1646220886.5999382, 1646220886.623544, 1646220886.646281, 1646220886.681942, 1646220886.707295, 1646220886.7320058, 1646220886.7593532, 1646220886.7910779, 1646220886.822602, 1646220886.8480918, 1646220886.870403, 1646220886.8970392, 1646220886.917889, 1646220886.951228, 1646220886.9774568, 1646220887.000326, 1646220887.022466, 1646220887.048106, 1646220887.0707579, 1646220887.095409, 1646220887.117238, 1646220887.143171, 1646220887.172989, 1646220887.213532, 1646220887.2508318, 1646220887.2784598, 1646220887.301604, 1646220887.321536, 1646220887.341666, 1646220887.366522, 1646220887.39148, 1646220887.4146738, 1646220887.438907, 1646220887.474302, 1646220887.497982, 1646220887.522018, 1646220887.552308, 1646220887.579795, 1646220887.607408, 1646220887.62951, 1646220887.6559548, 1646220887.684302, 1646220887.710442, 1646220887.7466948, 1646220887.76845, 1646220887.790864, 1646220887.812261, 1646220887.835268, 1646220887.857939, 1646220887.8816462, 1646220887.9033332, 1646220887.926364], "episode_lengths": [200, 200, 200, 200, 200, 200, 200, 200, 200, 200, 200, 200, 200, 200, 200, 200, 200, 200, 200, 200, 200, 200, 200, 200, 200, 200, 200, 200, 200, 200, 200, 200, 200, 200, 200, 200, 200, 200, 200, 200, 200, 200, 200, 200, 200, 200, 200, 200, 200, 200, 200, 200, 200, 200, 200, 200, 200, 200, 200, 200, 200, 200, 200, 200, 200, 200, 200, 200, 200, 200, 200, 200, 200, 200, 200, 200, 200, 200, 200, 200, 200, 200, 200, 200, 200, 200, 200, 200, 200, 200, 200, 200, 200, 200, 200, 200, 200, 200, 200, 200], "episode_rewards": [-200.0, -200.0, -200.0, -200.0, -200.0, -200.0, -200.0, -200.0, -200.0, -200.0, -200.0, -200.0, -200.0, -200.0, -200.0, -200.0, -200.0, -200.0, -200.0, -200.0, -200.0, -200.0, -200.0, -200.0, -200.0, -200.0, -200.0, -200.0, -200.0, -200.0, -200.0, -200.0, -200.0, -200.0, -200.0, -200.0, -200.0, -200.0, -200.0, -200.0, -200.0, -200.0, -200.0, -200.0, -200.0, -200.0, -200.0, -200.0, -200.0, -200.0, -200.0, -200.0, -200.0, -200.0, -200.0, -200.0, -200.0, -200.0, -200.0, -200.0, -200.0, -200.0, -200.0, -200.0, -200.0, -200.0, -200.0, -200.0, -200.0, -200.0, -200.0, -200.0, -200.0, -200.0, -200.0, -200.0, -200.0, -200.0, -200.0, -200.0, -200.0, -200.0, -200.0, -200.0, -200.0, -200.0, -200.0, -200.0, -200.0, -200.0, -200.0, -200.0, -200.0, -200.0, -200.0, -200.0, -200.0, -200.0, -200.0, -200.0], "episode_types": ["t", "t", "t", "t", "t", "t", "t", "t", "t", "t", "t", "t", "t", "t", "t", "t", "t", "t", "t", "t", "t", "t", "t", "t", "t", "t", "t", "t", "t", "t", "t", "t", "t", "t", "t", "t", "t", "t", "t", "t", "t", "t", "t", "t", "t", "t", "t", "t", "t", "t", "t", "t", "t", "t", "t", "t", "t", "t", "t", "t", "t", "t", "t", "t", "t", "t", "t", "t", "t", "t", "t", "t", "t", "t", "t", "t", "t", "t", "t", "t", "t", "t", "t", "t", "t", "t", "t", "t", "t", "t", "t", "t", "t", "t", "t", "t", "t", "t", "t", "t", "t"]}